username,password
cq926x@gallopade.com,fr276w
ar282z@gallopade.com,er634y
fp414y@gallopade.com,dt565x
dt971x@gallopade.com,bp156z
kr762v@gallopade.com,js583y
jq999x@gallopade.com,ht658z
as754w@gallopade.com,ir489w
fr412w@gallopade.com,kp191z
cs164v@gallopade.com,jt954w
ir971x@gallopade.com,it836v
is887w1@gallopade.com,aq529v
jr815x@gallopade.com,ep723z
fq397x@gallopade.com,fr152w
eq865w@gallopade.com,ir162v
dt464w@gallopade.com,cq912z
dq366w@gallopade.com,ht142w
er347w@gallopade.com,ht671v
gt584v@gallopade.com,es453v
er371y@gallopade.com,ks259v
ap867v@gallopade.com,dr769z
as624z@gallopade.com,ar825v
dt127w@gallopade.com,hr495x
jt432w@gallopade.com,cs826w
jr827z@gallopade.com,aq492v
ft576z@gallopade.com,it997v
ar346v@gallopade.com,gs537x
br968v@gallopade.com,ds146w
cs797z@gallopade.com,ep343w
jq937y@gallopade.com,cq838w
et283y@gallopade.com,bq854z
hp235x@gallopade.com,aq852w
ar284y@gallopade.com,jq162z
ar773z@gallopade.com,gr892x
es371x@gallopade.com,is987v
cr898y@gallopade.com,bq993v
cr616y@gallopade.com,gs669x
is284z@gallopade.com,ir445v
dr748y@gallopade.com,er778v
fr752y@gallopade.com,cr268x
ds146x@gallopade.com,aq336v
jr468v@gallopade.com,kq227y
ip486z@gallopade.com,bs368y
ct673v@gallopade.com,fs569v
jt396v@gallopade.com,ct281v
cs121y@gallopade.com,dt383z
ks828x@gallopade.com,ap682z
js543v@gallopade.com,kt331v
ct926y@gallopade.com,js256x
gt865w@gallopade.com,ks541z
kq553v@gallopade.com,fp591y
ep792v@gallopade.com,bp755z
ap965v@gallopade.com,bq443z
is589y@gallopade.com,is583z
ip774w@gallopade.com,hs744w
cr527y@gallopade.com,bp333w
dt246v@gallopade.com,ct874v
dq363y@gallopade.com,as398z
et353z@gallopade.com,as129v
ft197v@gallopade.com,ct936z
cp391w@gallopade.com,is928v
ct124w@gallopade.com,dt123w
bs746y@gallopade.com,gq848x
cs744v@gallopade.com,bq115x
hs758w@gallopade.com,gt145w
gr976v@gallopade.com,ks682z
jt597x@gallopade.com,gt511z
fr311x@gallopade.com,as237z
eq919v@gallopade.com,dq686z
kq742z@gallopade.com,bs762w
hs517y@gallopade.com,at949v
cq395z@gallopade.com,kt796y
ks265z@gallopade.com,it558v
as639z1@gallopade.com,ep366w
bs679w@gallopade.com,kt186y
kp726z@gallopade.com,er567w
kp362y@gallopade.com,gt193w
dp856v@gallopade.com,gq216y
cs314v@gallopade.com,hq548y
ip663x@gallopade.com,gt187w
kt515w@gallopade.com,hp295x
iq546y@gallopade.com,jr923w
bt866y@gallopade.com,dr782z
bp968y@gallopade.com,bq739z
hp383v@gallopade.com,jq358z
ds192v@gallopade.com,hq964w
bp439y@gallopade.com,as649y
iq777z@gallopade.com,gp287v
ep498x@gallopade.com,es214w
ip183x@gallopade.com,at331x
ht596v@gallopade.com,et499z
gr379v@gallopade.com,cr856y
gp226y@gallopade.com,fr342w
cr433w@gallopade.com,gq926w
cs777v@gallopade.com,ct742z
hp842v@gallopade.com,cs886v
jt928z@gallopade.com,hp438w
bq329w@gallopade.com,gs369v
gp992v1@gallopade.com,gp422y
jp914z@gallopade.com,ep999z
bs512y@gallopade.com,cq855x
kp217v@gallopade.com,fs585v
et649z@gallopade.com,iq811x
ht123w@gallopade.com,dq641w
is747y@gallopade.com,dq995v
dt324w@gallopade.com,aq581w
hr152w@gallopade.com,bs422y
kq636z1@gallopade.com,ip654w
cp166z@gallopade.com,hr793w
bq956w@gallopade.com,gr823x
kq178w@gallopade.com,dr422v
es847w@gallopade.com,kr454z
hp956w@gallopade.com,es531w
is556y@gallopade.com,hp763v
ct742w@gallopade.com,ep412x
kq822v@gallopade.com,jt679w
et366z@gallopade.com,aq142y
it175z@gallopade.com,gq238v
at162y@gallopade.com,gq757y
gq945w@gallopade.com,dp341v
jq186x@gallopade.com,ar622w
dr392y@gallopade.com,ks877z
ep832w@gallopade.com,ft845z
ip957v@gallopade.com,ip337x
aq455x@gallopade.com,jt813v
ht383x@gallopade.com,is757w
ht372x@gallopade.com,et941w
gr223z@gallopade.com,hr233y
js799z@gallopade.com,is466w
jp886x@gallopade.com,hp438z
cs644z@gallopade.com,bq122x
ht567y@gallopade.com,ir933z
cs847z@gallopade.com,bq747z
ip919w@gallopade.com,bq114v
kr496x@gallopade.com,fs867x
ht931z@gallopade.com,dp647y
cs892v@gallopade.com,jr597x
br248x@gallopade.com,kq766x
gp456y@gallopade.com,dr282w
cr426w@gallopade.com,cs458z
kr791x@gallopade.com,bt656z
ks659w@gallopade.com,hp553x
hq363x@gallopade.com,iq176y
dq479y@gallopade.com,cr151x
ht423x@gallopade.com,gp559w
et843v@gallopade.com,ap832y
fs385v@gallopade.com,es776v
jq744z@gallopade.com,gp764w
jq448x@gallopade.com,jt249y
dq167w@gallopade.com,dp248y
hr886y@gallopade.com,hp515y
hr614x@gallopade.com,cp737y
dt662v@gallopade.com,ks216x
gr563x@gallopade.com,er765w