username,password,studentClassAssignmentId
lastudent01@gmail.com,Fltester22
lastudent02@gmail.com,Fltester22
lastudent03@gmail.com,Fltester22
lastudent04@gmail.com,Fltester22
lastudent05@gmail.com,Fltester22
lastudent06@gmail.com,Fltester22
lastudent07@gmail.com,Fltester22
lastudent08@gmail.com,Fltester22
lastudent11@gmail.com,Fltester22
lastudent12@gmail.com,Fltester22
lastudent13@gmail.com,Fltester22
lastudent14@gmail.com,Fltester22
lastudent15@gmail.com,Fltester22
lastudent09@gmail.com,Fltester22
lastudent10@gmail.com,Fltester22